URI_Name;Provincia;Cantón;Parroquia;Latitud;Longitud;Nombre;Dirección;Tipo;Régimen Escolar;Modalidad;Jornada Laboral;DocentesFemenino;DocentesMasculino;TotalDocentes;TotalAdministrativos;EstudiantesFemenino;EstudiantesMasculino;Total_Alumnos
COLEGIODEBACHILLERATO2DEAGOSTO;Loja_Province;ESPINDOLA;ELAIRO;-4,471945949890;-79,386668819200;COLEGIO DE BACHILLERATO  2 DE AGOSTO;   BARRIO LA HUACA;FiscalHighSchool;Costa;Presencial;Matutina;7;3;10;2;63;81;144
COLEGIODEBACHILLERATOAGUSTINCURIPOMA;Loja_Province;LOJA;GUALEL;-3,770003862500;-79,379971896200;COLEGIO DE BACHILLERATO  AGUSTIN CURIPOMA;   PARROQUIA GUALEL;FiscalHighSchool;Sierra;Presencial;Matutina;2;6;8;2;52;25;77
COLEGIODEBACHILLERATOLATINGUE;Loja_Province;OLMEDO;LATINGUE;-3,910695867130;-79,582107878900;COLEGIO DE BACHILLERATO  LA TINGUE;   PARROQUIA LA TINGUE;FiscalHighSchool;Costa;Presencial;Matutina;5;3;8;2;44;45;89
COLEGIODEBACHILLERATOLICMIGUELANTOLIANOSALINASJARAMILLO;Loja_Province;QUILANGA;SANANTONIODELASARADAS;-4,364194784370;-79,398694738700;COLEGIO DE BACHILLERATO  LIC  MIGUEL ANTOLIANO SALINAS JARAMILLO;   PROLONGACION DE LA ESCALINATA DEL PARQUE CENTRAL;FiscalHighSchool;Costa;Presencial;Matutina;6;4;10;4;40;55;95
COLEGIODEBACHILLERATOPIOJARAMILLOALVARADO;Loja_Province;LOJA;SANSEBASTIAN;-4,003418747970;-79,202045971500;COLEGIO DE BACHILLERATO  PIO JARAMILLO ALVARADO;BOLIVAR 1479 CATACOCHA Y LOURDES ;FiscalHighSchool;Sierra;Presencial;Matutina,Vespertina,Nocturno;47;20;67;5;974;201;1175
COLEGIODEBACHILLERATOQUILANGA;Loja_Province;QUILANGA;QUILANGA;-4,294694892540;-79,401912704800;COLEGIO DE BACHILLERATO  QUILANGA;   BARRIO SANN ROQUE;FiscalHighSchool;Costa;Presencial;Matutina;10;12;22;5;165;178;343
COLEGIODEBACHILLERATO12DEDICIEMBRE;Loja_Province;CELICA;CELICA;-4,104940523070;-79,953472429000;COLEGIO DE BACHILLERATO 12 DE DICIEMBRE;CALLE COLON VIA A GUACHAMA 300 CALLE LOJA ;FiscalHighSchool;Costa;Presencial;Matutina,Nocturno;8;13;21;6;94;130;224
COLEGIODEBACHILLERATO14DEOCTUBRE;Loja_Province;CALVAS;ELLUCERO;-4,400078925150;-79,463218443700;COLEGIO DE BACHILLERATO 14 DE OCTUBRE;   AVENIDA ESPINDOLA  PARROQUIA EL LUCERO;FiscalHighSchool;Costa;Presencial;Matutina;3;7;10;5;89;93;182
COLEGIODEBACHILLERATO18DENOVIEMBRE;Loja_Province;SOZORANGA;SOZORANGA;-4,327111640320;-79,789751354400;COLEGIO DE BACHILLERATO 18 DE NOVIEMBRE;   BARRIO SAN VICENTE;FiscalHighSchool;Costa;Presencial;Matutina,Nocturno;13;11;24;5;102;116;218
COLEGIODEBACHILLERATO27DEFEBRERO;Loja_Province;LOJA;SANSEBASTIAN;-4,014502600020;-79,205164246900;COLEGIO DE BACHILLERATO 27 DE FEBRERO;PABLO PALACIO 21-51 JHON F  KENNEDY ;FiscalHighSchool;Sierra;Presencial;Matutina,Vespertina;50;27;77;9;572;576;1148
COLEGIODEBACHILLERATO30DESEPTIEMBRE;Loja_Province;GONZANAMA;PURUNUMA(EGUIGUREN);-4,210332743210;-79,372803646400;COLEGIO DE BACHILLERATO 30 DE SEPTIEMBRE;   TRECE DE SEPTIEMBRE;FiscalHighSchool;Costa;Presencial;Matutina;5;5;10;2;34;48;82
COLEGIODEBACHILLERATO8DEDICIEMBRE;Loja_Province;CATAMAYO;SANPEDRODELABENDITA;-3,944030198130;-79,435001710400;COLEGIO DE BACHILLERATO 8 DE DICIEMBRE;   LOCALIDAD SAN PEDRO DE LA BENDITA;FiscalHighSchool;Sierra;Presencial;Matutina;13;8;21;2;161;202;363
COLEGIODEBACHILLERATOABDONCALDERONMUnOZ;Loja_Province;LOJA;SANTIAGO;-3,790059873590;-79,285336326200;COLEGIO DE BACHILLERATO ABDON CALDERON MUÑOZ;   AVENIDA AMADEO AGUIRRE;FiscalHighSchool;Sierra;Presencial;Matutina;5;4;9;2;62;61;123
COLEGIODEBACHILLERATOADOLFOVALAREZO;Loja_Province;LOJA;SUCRE;-3,993026503360;-79,209163824400;COLEGIO DE BACHILLERATO ADOLFO VALAREZO;CARLOS ROMAN HINOSTROZA  ADOLFO VALAREZO Y  MANUEL CARRION PINZANO ;FiscalHighSchool;Sierra;Presencial;Matutina,Vespertina;54;22;76;8;714;1073;1787
COLEGIODEBACHILLERATOBALBINAMORENO;Loja_Province;GONZANAMA;GONZANAMA;-4,229190570490;-79,435529619400;COLEGIO DE BACHILLERATO BALBINA MORENO;24 DE MAYO  CALLE BOLIVAR ;FiscomitionalHighSchool;Costa;Presencial;Matutina;7;7;14;2;106;86;192
COLEGIODEBACHILLERATOBEATRIZCUEVADEAYORA;Loja_Province;LOJA;ELSAGRARIO;-3,996337201380;-79,197334273800;COLEGIO DE BACHILLERATO BEATRIZ CUEVA DE AYORA;ORILLAS DEL ZAMORA 07-90 10 DE AGOSTO ;FiscalHighSchool;Sierra;Presencial;Matutina,Vespertina;86;34;120;10;189;473;2363
COLEGIODEBACHILLERATOCARLOSGARBAYMONTESDEOCA;Loja_Province;PUYANGO;MERCADILLO;-4,023968316620;-79,976194265700;COLEGIO DE BACHILLERATO CARLOS GARBAY MONTESDEOCA;   PARROQUIA MERCADILLO - VIA SAN JOSE;FiscalHighSchool;Costa;Presencial;Matutina;3;8;11;3;72;90;162
COLEGIODEBACHILLERATOCHAGUARPAMBA;Loja_Province;CHAGUARPAMBA;CHAGUARPAMBA;-3,847751497550;-79,679279685800;COLEGIO DE BACHILLERATO CHAGUARPAMBA;   BARRIO LA UNION;FiscalHighSchool;Costa;Presencial;Matutina;7;9;16;6;134;155;289
COLEGIODEBACHILLERATOCOMUNADOMINGUILLO;Loja_Province;CELICA;CELICA;-4,152612045580;-79,990111830200;COLEGIO DE BACHILLERATO COMUNA DOMINGUILLO;   BARRIO LAS PAMPAS;FiscalHighSchool;Costa;Presencial;Matutina;2;6;8;0;22;28;50
COLEGIODEBACHILLERATODOCTORBENJAMINCARRION;Loja_Province;LOJA;SUCRE;-4,008082475480;-79,205169256500;COLEGIO DE BACHILLERATO DOCTOR BENJAMIN CARRION;AV. PIO JARAMILLO  CUBA ;FiscalHighSchool;Sierra;Presencial;Nocturno;7;5;12;4;83;125;208
COLEGIODEBACHILLERATODREDUARDOMORAMORENO;Loja_Province;LOJA;CHANTACO;-3,880363687020;-79,326697673500;COLEGIO DE BACHILLERATO DR  EDUARDO MORA MORENO;   CHANTACO CENTRO  CERCA  DEL  RETÉN POLICIAL;FiscalHighSchool;Sierra;Presencial;Matutina;6;3;9;2;91;87;178
COLEGIODEBACHILLERATODRBALTAZARAGUIRRE;Loja_Province;LOJA;QUINARA;-4,317864375730;-79,235057843200;COLEGIO DE BACHILLERATO DR BALTAZAR AGUIRRE;   A DOS CUADRAS DEL PARQUE CENTRAL;FiscalHighSchool;Sierra;Presencial;Matutina;3;6;9;2;92;97;189
COLEGIODEBACHILLERATODRCLOTARIOPAZPALADINES;Loja_Province;PINDAL;12DEDICIEMBRE;-4,071115152600;-80,090753471500;COLEGIO DE BACHILLERATO DR CLOTARIO PAZ PALADINES;   PARROQUIA   12  DE  DICIEMBRE;FiscalHighSchool;Costa;Presencial;Matutina;6;3;9;2;48;72;120
COLEGIODEBACHILLERATODRHUGOGUILLERMOGONZALEZ;Loja_Province;ESPINDOLA;SANTATERESITA;-4,502110000230;-79,405336177900;COLEGIO DE BACHILLERATO DR HUGO GUILLERMO GONZALEZ;   VIA PRINCIPAL CARIAMNAGA JUNTO A LA URNA  DEL DIVINO NIÑO;FiscalHighSchool;Costa;Presencial;Matutina;5;4;9;2;29;28;57
COLEGIODEBACHILLERATODRJUANFRANCISCOONTANEDA;Loja_Province;CHAGUARPAMBA;BUENAVISTA;-3,891726687890;-79,714808547300;COLEGIO DE BACHILLERATO DR JUAN FRANCISCO ONTANEDA;   BARRIO BUENAVISTA CENTRO;FiscalHighSchool;Costa;Presencial;Matutina;5;5;10;4;71;71;142
COLEGIODEBACHILLERATODRMANUELAGUSTINAGUIRRE;Loja_Province;SOZORANGA;TACAMOROS;-4,395250149910;-79,764753818800;COLEGIO DE BACHILLERATO DR MANUEL AGUSTIN AGUIRRE;   BARRIO LAS DELICIAS;FiscalHighSchool;Costa;Presencial;Matutina;2;6;8;2;48;44;92
COLEGIODEBACHILLERATODRZOILORODRIGUEZ;Loja_Province;SOZORANGA;TACAMOROS;-4,421946453410;-79,741136237600;COLEGIO DE BACHILLERATO DR ZOILO RODRIGUEZ;   PARROQUIA TACAMOROS UBICADO   A DIEZ KILOMETROS DE FRONTERA;FiscalHighSchool;Costa;Presencial;Matutina;5;7;12;5;50;74;124
COLEGIODEBACHILLERATOECUADOR;Loja_Province;ESPINDOLA;27DEABRIL;-4,441865282430;-79,457059333000;COLEGIO DE BACHILLERATO ECUADOR;   VIA PRINCIPAL CARIAMANGA-AMALUZA DESVIA EN EL SITIO LAS LIMAS 3 KM;FiscalHighSchool;Costa;Presencial;Matutina;3;8;11;4;97;122;219
COLEGIODEBACHILLERATOEDMUNDOCEVALLOSAGUIRRE;Loja_Province;CALVAS;COLAISACA;-4,318748669630;-79,693781061700;COLEGIO DE BACHILLERATO EDMUNDO CEVALLOS AGUIRRE;   LOCALIDAD COLAISACA;FiscalHighSchool;Costa;Presencial;Matutina;1;7;8;6;25;35;60
COLEGIODEBACHILLERATOELCISNE;Loja_Province;LOJA;ELCISNE;-3,849497969920;-79,420221559500;COLEGIO DE BACHILLERATO EL CISNE;   VIA A GUALEL BARRIO LA CONCHA EL CISNE;FiscalHighSchool;Sierra;Presencial;Matutina;3;5;8;3;48;44;92
COLEGIODEBACHILLERATOELLIMO;Loja_Province;PUYANGO;ELLIMO(MARIANADEJESUS);-3,986552654520;-80,138252919800;COLEGIO DE BACHILLERATO EL LIMO;   KM   11/2 VIA A MANGAHURCO MARGEN DERECHO PARROQUIA EL LIMO;FiscalHighSchool;Costa;Presencial;Matutina;10;2;12;4;73;79;152
COLEGIODEBACHILLERATOEMILIANOABENDAnOGONZALEZ;Loja_Province;CATAMAYO;ELTAMBO;-4,144447994380;-79,293332279400;COLEGIO DE BACHILLERATO EMILIANO ABENDAÑO GONZALEZ;   Barrio La Merced Alta;FiscalHighSchool;Costa;Presencial;Matutina;3;5;8;3;50;66;116
COLEGIODEBACHILLERATOEMILIANOORTEGAESPINOZA;Loja_Province;CATAMAYO;CATAMAYO;-3,985779994200;-79,363361358000;COLEGIO DE BACHILLERATO EMILIANO ORTEGA ESPINOZA;DIEZ Y OCHO DE AGOSTO  OLMEDO Y EUGENIO ESPEJO ;FiscalHighSchool;Sierra;Presencial;Matutina;33;20;53;8;645;807;1452
COLEGIODEBACHILLERATOFISCOMISIONALGABRIELGARCIAMORENO;Loja_Province;ESPINDOLA;ELINGENIO;-4,410831334180;-79,432778690600;COLEGIO DE BACHILLERATO FISCOMISIONAL  GABRIEL GARCIA MORENO;   A 200M DE LA VIA AMALUZA PASANDO LA VIA PRINCIPAL A MANO IZQUIERDA;FiscomitionalHighSchool;Costa;Presencial;Matutina;7;8;15;3;108;109;217
COLEGIODEBACHILLERATOFISCOMISIONALDANIELALVAREZBURNEO;Loja_Province;LOJA;VALLE;-3,987918158240;-79,201197341400;COLEGIO DE BACHILLERATO FISCOMISIONAL DANIEL ALVAREZ BURNEO;AV DANIEL ALVAREZ 12-51 AV ORILLAS DEL ZAMORA ;FiscomitionalHighSchool;Sierra;Presencial;Matutina;85;75;160;31;1.629;1404;3033
COLEGIODEBACHILLERATOFISCOMISIONALNUESTRASEnORADELROSARIO;Loja_Province;CATAMAYO;CATAMAYO;-3,985747544220;-79,360696025000;COLEGIO DE BACHILLERATO FISCOMISIONAL NUESTRA SEÑORA DEL ROSARIO;9 DE OCTUBRE  EUGENIO ESPEJO ;FiscomitionalHighSchool;Sierra;Presencial;Matutina;41;18;59;4;676;323;999
COLEGIODEBACHILLERATOGALOROLANDOVELEZRIVERA;Loja_Province;ZAPOTILLO;PALETILLAS;-4,163887930520;-80,273224758300;COLEGIO DE BACHILLERATO GALO ROLANDO VELEZ RIVERA;   PARROQUIA PALETILLAS;FiscalHighSchool;Costa;Presencial;Matutina;7;5;12;2;102;108;210
COLEGIODEBACHILLERATOGUILLERMOHERRERASANCHEZ;Loja_Province;LOJA;TAQUIL(MIGUELRIOFRIO);-3,893275868640;-79,290136093900;COLEGIO DE BACHILLERATO GUILLERMO HERRERA SANCHEZ;   CENTRO TAQUIL;FiscalHighSchool;Sierra;Presencial;Matutina;3;4;7;2;40;40;80
COLEGIODEBACHILLERATOHERNANGALLARDOMOSCOSO;Loja_Province;LOJA;SUCRE;-3,983691623330;-79,236997545300;COLEGIO DE BACHILLERATO HERNAN GALLARDO MOSCOSO;AV ISIDRO AYORA  BARQUISIMETO ;FiscalHighSchool;Sierra;Presencial;Matutina;5;6;11;3;96;106;202
COLEGIODEBACHILLERATOJOSEFELIXDEVALDIVIESO;Loja_Province;GONZANAMA;SACAPALCA;-4,153556472590;-79,517860609300;COLEGIO DE BACHILLERATO JOSE FELIX DE VALDIVIESO;   TRAS LA ESCUELA CALIXTO CUEVA SANCHEZ;FiscalHighSchool;Costa;Presencial;Matutina;5;2;7;3;77;59;136
COLEGIODEBACHILLERATOJOSEMARIARIOFRIOYVALDIVIEZO;Loja_Province;SOZORANGA;NUEVAFATIMA;-4,267579819490;-79,819414780300;COLEGIO DE BACHILLERATO JOSE MARIA RIOFRIO Y VALDIVIEZO;   POBLACION DE LA PARROQUIA;FiscalHighSchool;Costa;Presencial;Matutina;2;6;8;2;47;51;98
COLEGIODEBACHILLERATOJULIOISAACESPINOZAOCHOA;Loja_Province;PUYANGO;ALAMOR;-4,018385217620;-80,018580916600;COLEGIO DE BACHILLERATO JULIO ISAAC ESPINOZA OCHOA;CALLE SIMON BOLIVAR ENTRE SUCRE Y JUAN MONTALVO  CALLE SUCHE  Y  RIO AMAZONAS ;FiscalHighSchool;Costa;Presencial;Matutina,Nocturno;19;8;27;4;248;258;506
COLEGIODEBACHILLERATOLAVICTORIA;Loja_Province;MACARA;LAVICTORIA;-4,436721960950;-79,793251805500;COLEGIO DE BACHILLERATO LA VICTORIA;   Localidad La victoria;FiscalHighSchool;Costa;Presencial;Matutina;4;6;10;3;42;60;102
COLEGIODEBACHILLERATOLAUTAROVICENTELOAYZA;Loja_Province;PUYANGO;ALAMOR;-4,009143133140;-80,074888215600;COLEGIO DE BACHILLERATO LAUTARO VICENTE LOAYZA;   COMUNIDAD DE NARANJAL A 200 METROS ANTES DEL CASERIO;FiscalHighSchool;Costa;Presencial;Matutina;2;6;8;3;27;49;76
COLEGIODEBACHILLERATOLIBERTADORBOLIVAR;Loja_Province;LOJA;JIMBILLA;-3,859999833490;-79,169809119400;COLEGIO DE BACHILLERATO LIBERTADOR BOLIVAR;   CENTRO PARROQUIA CERCA DEL SUBCENTRO DE SALUD;FiscalHighSchool;Sierra;Presencial;Matutina;6;2;8;2;42;45;87
COLEGIODEBACHILLERATOLICEODELOJAPARTICULAR;Loja_Province;LOJA;SANSEBASTIAN;-4,030026386360;-79,204220817000;COLEGIO DE BACHILLERATO LICEO DE LOJA PARTICULAR;NO HAY  NO HAY ;LaicHighSchool;Sierra;Presencial;Matutina;24;16;40;27;255;258;513
COLEGIODEBACHILLERATOMACARA;Loja_Province;MACARA;GENERALELOYALFARO(SANSEBASTIAN);-4,371474135700;-79,937308183800;COLEGIO DE BACHILLERATO MACARA;AV PANAMERICANA NORTE 01-03 VIA CARIAMANGA ;FiscalHighSchool;Costa;Presencial;Matutina,Nocturno;34;22;56;8;380;491;871
COLEGIODEBACHILLERATOMANGAHURCO;Loja_Province;ZAPOTILLO;CAZADEROS(CAB.ENMANGAURCO);-4,155613744900;-80,430775981800;COLEGIO DE BACHILLERATO MANGAHURCO;   RECINTO MANGAHURCO;FiscalHighSchool;Costa;Presencial;Matutina;3;6;9;3;30;25;55
COLEGIODEBACHILLERATOMANUELBENJAMINCARRION;Loja_Province;LOJA;YANGANA(ARSENIOCASTILLO);-4,363137934710;-79,177362611700;COLEGIO DE BACHILLERATO MANUEL BENJAMIN CARRION;   CENTRO DE YANGANA;FiscalHighSchool;Sierra;Presencial;Matutina;8;6;14;3;91;132;223
COLEGIODEBACHILLERATOMANUELCARRIONPINZANO;Loja_Province;PUYANGO;VICENTINO;-3,962670273450;-79,942585323500;COLEGIO DE BACHILLERATO MANUEL CARRION PINZANO;   ANGEL LIMA ENTRE MANUEL RAMIREZ Y MIGUEL CALLE;FiscalHighSchool;Costa;Presencial;Matutina;6;5;11;3;62;76;138
COLEGIODEBACHILLERATOMANUELENRIQUERENGEL;Loja_Province;LOJA;ELSAGRARIO;-3,991479379610;-79,204638138300;COLEGIO DE BACHILLERATO MANUEL ENRIQUE RENGEL;AV. UNIVERSITARIA  JUAN DE SALINAS ENTRE  DIECIOCHO DE NOVIEMBRE Y AVENIDA UNIVERSIARIA ;FiscalHighSchool;Sierra;Presencial;Nocturno;8;5;13;3;70;106;176
COLEGIODEBACHILLERATOMARCOSOCHOAMUnOZ;Loja_Province;PUYANGO;CIANO;-3,945805345540;-79,997276187200;COLEGIO DE BACHILLERATO MARCOS OCHOA MUÑOZ;   UBICADO EN EL BARRIO LAS COCHAS PARROQUIA CIANO;FiscalHighSchool;Costa;Presencial;Matutina;0;7;7;2;68;67;135
COLEGIODEBACHILLERATOMATILDEHIDALGODEPROCEL;Loja_Province;CHAGUARPAMBA;SANTARUFINA;-3,851082572380;-79,765224552200;COLEGIO DE BACHILLERATO MATILDE HIDALGO DE PROCEL;   ACCESO POR EL PUENTE DEL RÍO PINDO;FiscalHighSchool;Costa;Presencial;Matutina;4;4;8;3;54;56;110
COLEGIODEBACHILLERATOMONSLEONIDASPROAnOVILLALBA;Loja_Province;CATAMAYO;ELTAMBO;-4,071662614330;-79,306391710600;COLEGIO DE BACHILLERATO MONS LEONIDAS PROAÑO VILLALBA;   PARROQUIA EL TAMBO;FiscalHighSchool;Costa;Presencial;Matutina;8;7;15;4;89;139;228
COLEGIODEBACHILLERATOPARTICULARANTONIOPEnACELI;Loja_Province;LOJA;VALLE;-3,994387517180;-79,203029093000;COLEGIO DE BACHILLERATO PARTICULAR  ANTONIO PEÑA CELI;BARRIO COLINAS DE BELEN  COLINAS DE BELEN ;ReligiousHighSchool;Sierra;Presencial;Matutina;13;8;21;12;141;163;304
COLEGIODEBACHILLERATOPARTICULARCORDILLERA;Loja_Province;LOJA;ELSAGRARIO;-3,996074172200;-79,201080540200;COLEGIO DE BACHILLERATO PARTICULAR CORDILLERA;BERNARDO VALDIVIESO 06-34 JOSÉ ANTONIO EGUIGUREN ;LaicHighSchool;Sierra;Presencial;Matutina;23;8;31;8;128;118;246
COLEGIODEBACHILLERATOPARTICULARDRJOSEMARIAVIVARCASTRO;Loja_Province;LOJA;SUCRE;-3,980536;-79,224648;COLEGIO DE BACHILLERATO PARTICULAR DR JOSE MARIA VIVAR CASTRO;BELEN BAJO  CHARITI Y PROLONGACION DE LA BUENA VENTURA ;LaicHighSchool;Sierra;Presencial;Matutina;3;2;5;3;15;32;47
COLEGIODEBACHILLERATOPARTICULAREUGENIOESPEJO;Loja_Province;LOJA;VALLE;-3,957447938720;-79,210807255900;COLEGIO DE BACHILLERATO PARTICULAR EUGENIO ESPEJO;AV. SALVADOR BUSTAMANTE CELI 00 S/N ;LaicHighSchool;Sierra;Presencial;Matutina;39;11;50;27;432;335;767
COLEGIODEBACHILLERATOPARTICULARIBEROAMERICANOSANAGUSTÍN;Loja_Province;LOJA;VALLE;-3,973193311630;-79,199473560600;COLEGIO DE BACHILLERATO PARTICULAR IBEROAMERICANO SAN AGUSTÍN;AGUSTIN CARRION  AVENIDA SALVADOR BUSTAMANTE CELI ;LaicHighSchool;Sierra;Presencial;Matutina;12;6;18;5;95;89;184
COLEGIODEBACHILLERATOPARTICULARMIGUELANGELSUAREZ;Loja_Province;LOJA;VALLE;-3,981580627790;-79,201751348800;COLEGIO DE BACHILLERATO PARTICULAR MIGUEL ANGEL SUAREZ;AV SALVADOR BUSTAMANTE CELI  AV GUAYAQUIL Y PASAJE ;ReligiousHighSchool;Sierra;Presencial;Matutina;5;11;16;6;70;167;237
COLEGIODEBACHILLERATOPARTICULARPARAPCEIDRJOSEMARIAVIVARCASTRO;Loja_Province;LOJA;SUCRE;-3,980643;-79,224691;COLEGIO DE BACHILLERATO PARTICULAR PARA PCEI DR JOSE MARIA VIVAR CASTRO;BELEN BAJO  CALLE CHARITY 0000000 BUENA VENTURA ;LaicHighSchool;Sierra;Distancia;Matutina;3;4;7;3;45;85;130
COLEGIODEBACHILLERATOPARTICULARPCEIAMAZONAS;Loja_Province;LOJA;ELSAGRARIO;-3,999989050690;-79,204970791400;COLEGIO DE BACHILLERATO PARTICULAR PCEI AMAZONAS;AVENIDA MANUEL AGUSTIN AGUIRRE 1063 ENTRE MIGUEL RIOFRIO Y AZUAY ;LaicHighSchool;Costa;Semipresencial;Matutina,Vespertina;7;2;9;9;26;50;76
COLEGIODEBACHILLERATOPARTICULARPCEIAMAZONAS;Loja_Province;LOJA;SUCRE;-3,999861389480;-79,204484846000;COLEGIO DE BACHILLERATO PARTICULAR PCEI AMAZONAS;AV MANUEL AGUISTIN AGUIRRE 10-63 AZUAY Y MIGUEL RIOFRIO ;LaicHighSchool;Sierra;Distancia;Matutina,Vespertina,Nocturno;6;4;10;10;99;182;281
COLEGIODEBACHILLERATOPARTICULARPCEIISIDROAYORACUEVA;Loja_Province;LOJA;SANSEBASTIAN;-4,002499462840;-79,195222843500;COLEGIO DE BACHILLERATO PARTICULAR PCEI ISIDRO AYORA CUEVA;AV. EMILIANO ORTEGA 1101-93 LOURDES ;LaicHighSchool;Sierra;Distancia;Matutina;10;2;12;3;155;165;320
COLEGIODEBACHILLERATOPARTICULARSANGERARDO;Loja_Province;LOJA;SANSEBASTIAN;-4,052107090030;-79,195698823000;COLEGIO DE BACHILLERATO PARTICULAR SAN GERARDO;KM  TRES Y MEDIO   VIA VILCABAMBA 1171 SIN NOMBRE ;LaicHighSchool;Sierra;Presencial;Matutina;59;20;79;24;434;478;912
COLEGIODEBACHILLERATOPCEIPIOJARAMILLOALVARADO;Loja_Province;LOJA;SANSEBASTIAN;-4,003418391250;-79,201883897400;COLEGIO DE BACHILLERATO PCEI  PIO JARAMILLO ALVARADO;BOLíVAR 1479 CATACOCHA ;FiscalHighSchool;Sierra;Semipresencial;Matutina;10;2;12;1;71;17;88
COLEGIODEBACHILLERATOPEDROVICTORFALCONI;Loja_Province;CATAMAYO;ZAMBI;-3,912498028020;-79,531110952400;COLEGIO DE BACHILLERATO PEDRO VICTOR FALCONI;   Calle sin nombre entrada a la parroquia Colina Alta;FiscalHighSchool;Costa;Presencial;Matutina;4;5;9;1;33;48;81
COLEGIODEBACHILLERATOPINDAL;Loja_Province;PINDAL;PINDAL;-4,116250852770;-80,104557955300;COLEGIO DE BACHILLERATO PINDAL;   BARRIO EL PANECILLO;FiscalHighSchool;Costa;Presencial;Matutina;24;12;36;4;402;453;855
COLEGIODEBACHILLERATOPRESIDENTEISIDROAYORA;Loja_Province;LOJA;SUCRE;-3,983334234820;-79,218053750300;COLEGIO DE BACHILLERATO PRESIDENTE ISIDRO AYORA;AVENIDA VIRGILIO RODAS  SIN NOMBRE ;FiscalHighSchool;Sierra;Presencial;Nocturno;2;5;7;1;52;68;120
COLEGIODEBACHILLERATOPROCERJOSEPICOITA;Loja_Province;CELICA;CRUZPAMBA;-4,161499346540;-80,000857224600;COLEGIO DE BACHILLERATO PROCER JOSE PICOITA;   PARROQUIA CRUZPAMBA;FiscalHighSchool;Costa;Presencial;Matutina;5;6;11;3;85;113;198
COLEGIODEBACHILLERATORAFAELRODRIGUEZPALACIOS;Loja_Province;LOJA;MALACATOS(VALLADOLID);-4,219218086810;-79,258502740100;COLEGIO DE BACHILLERATO RAFAEL RODRIGUEZ PALACIOS;   VIA A MALACATOS;FiscalHighSchool;Sierra;Presencial;Vespertina,Nocturno;12;4;16;3;96;154;250
COLEGIODEBACHILLERATORAMONRIOFRIOBUSTAMANTE;Loja_Province;PINDAL;CHAQUINAL;-4,046448046110;-80,036580792600;COLEGIO DE BACHILLERATO RAMON RIOFRIO BUSTAMANTE;   CHAQUINAL;FiscalHighSchool;Costa;Presencial;Matutina;4;5;9;2;60;85;145
COLEGIODEBACHILLERATOROSAHERLINDAGARCIADEGARCIA;Loja_Province;ESPINDOLA;AMALUZA;-4,580168164590;-79,428361414700;COLEGIO DE BACHILLERATO ROSA HERLINDA GARCIA DE GARCIA;LUIS CORDERO  LUIS CORDERO ;FiscalHighSchool;Costa;Presencial;Matutina;10;4;14;2;149;148;297
COLEGIODEBACHILLERATORVDOJORGESANCHEZMORENO;Loja_Province;MACARA;SABIANGO(LACAPILLA);-4,367053430950;-79,812385781100;COLEGIO DE BACHILLERATO RVDO JORGE SANCHEZ MORENO;   CALLE MACARA Y AV. MACARA;FiscalHighSchool;Costa;Presencial;Matutina;5;5;10;6;17;16;33
COLEGIODEBACHILLERATOSANPEDRODEVILCABAMBA;Loja_Province;LOJA;SANPEDRODEVILCABAMBA;-4,238250233730;-79,217721652800;COLEGIO DE BACHILLERATO SAN PEDRO DE VILCABAMBA;   BARRIO PANECILLO;FiscalHighSchool;Sierra;Presencial;Matutina,Vespertina;6;7;13;4;94;88;182
COLEGIODEBACHILLERATOSANVICENTEFERRER;Loja_Province;LOJA;CHUQUIRIBAMBA;-3,844691246550;-79,341775705000;COLEGIO DE BACHILLERATO SAN VICENTE FERRER;   BARRIO SAN VICENTE;FiscomitionalHighSchool;Sierra;Presencial;Matutina;13;10;23;4;92;132;224
COLEGIODEBACHILLERATOTNTEMAXIMILIANORODRIGUEZ;Loja_Province;CELICA;POZUL(SANJUANDEPOZUL);-4,116750041580;-80,059027496600;COLEGIO DE BACHILLERATO TNTE MAXIMILIANO RODRIGUEZ;   PARROQUIA POZUL;FiscalHighSchool;Costa;Presencial;Matutina;9;10;19;5;160;134;294
COLEGIODEBACHILLERATOTRECEDENOVIEMBRE;Loja_Province;CELICA;SABANILLA;-4,208333502330;-80,125834188900;COLEGIO DE BACHILLERATO TRECE DE NOVIEMBRE;   PARROQUIA SABANILLA;FiscalHighSchool;Costa;Presencial;Matutina;5;6;11;4;71;87;158
COLEGIODEBACHILLERATOVILCABAMBA;Loja_Province;LOJA;VILCABAMBA(VICTORIA);-4,261248298100;-79,219055930800;COLEGIO DE BACHILLERATO VILCABAMBA;   AV  DIEGO VACA DE VEGA  Y LA PAZ KM 1 VIA A YAMBURARA;FiscalHighSchool;Sierra;Presencial;Matutina,Nocturno;24;10;34;5;313;300;613
COLEGIODEBACHILLERATOZAPOTILLO;Loja_Province;ZAPOTILLO;ZAPOTILLO;-4,385360901180;-80,243582264600;COLEGIO DE BACHILLERATO ZAPOTILLO;CALLE PALETILLAS  9 DE OCTUBRE ;FiscalHighSchool;Costa;Presencial;Matutina;10;8;18;4;133;129;262
COLEGIONACIONALNOCTURNOCATAMAYO;Loja_Province;CATAMAYO;CATAMAYO;-3,985309193160;-79,363083142700;COLEGIO NACIONAL NOCTURNO CATAMAYO;18 DE AGOSTO 04-55 ENTRE OLMEDO Y EUGENIO ESPEJO BARRIO EL PORVENIR ;FiscalHighSchool;Sierra;Presencial;Nocturno;11;15;26;2;220;276;496
ESCUELADEEDUCACIONBASICACABOCASTILLO;Loja_Province;ESPINDOLA;BELLAVISTA;-4,504997302730;-79,452502695800;ESCUELA DE EDUCACION BASICA CABO CASTILLO;   BARRIO JIBIRUCHE;FiscalHighSchool;Costa;Presencial;Matutina;7;7;14;0;92;120;212
COLEGIODEBACHILLERATOFRONTERASUR;Loja_Province;PALTAS;CANGONAMA;-3,966531349250;-79,701113150000;COLEGIO DE BACHILLERATO FRONTERA SUR;   A 50 METROS DEL PARQUE;FiscalHighSchool;Costa;Presencial;Matutina;2;7;9;2;32;34;66
ESCUELADEEDUCACIONBASICAGENERALMOISESOLIVA;Loja_Province;CALVAS;UTUANA;-4,362196707140;-79,724440858500;ESCUELA DE EDUCACION BASICA GENERAL MOISES OLIVA;   PARROQUIA UTUANA;FiscalHighSchool;Costa;Presencial;Matutina;12;5;17;4;89;107;196
ESCUELADEEDUCACIÓNBÁSICALAURODAMERVALAYORAN1;Loja_Province;LOJA;SANSEBASTIAN;-4,013392763880;-79,206247185700;ESCUELA DE EDUCACIÓN BÁSICA LAURO DAMERVAL AYORA N 1;AVENIDA BENJAMIN CARRION 21197 PABLO PALACIO ;FiscalHighSchool;Sierra;Presencial;Matutina,Vespertina;41;15;56;2;510;687;1197
COLEGIODEBACHILLERATOMANUELJOSEJARAMILLO;Loja_Province;PALTAS;CASANGA;-4,013860840450;-79,764669716300;COLEGIO DE BACHILLERATO MANUEL  JOSE  JARAMILLO;   CENTRO PARROQUIA CASANGA - TRAS LA IGLESIA;FiscalHighSchool;Costa;Presencial;Matutina;4;5;9;4;58;49;107
COLEGIODEBACHILLERATOMACANDAMINE;Loja_Province;PALTAS;CASANGA;-4,015836873880;-79,726334799900;COLEGIO DE BACHILLERATO MACANDAMINE;   BARRIO MACANDAMINE;FiscalHighSchool;Costa;Presencial;Matutina;5;3;8;3;38;32;70
INSTITUTOTECNOLOGICOSUPERIORCARIAMANGA;Loja_Province;CALVAS;CARIAMANGA;-4,333292134730;-79,554744698000;INSTITUTO TECNOLOGICO SUPERIOR CARIAMANGA;JOSE ANGEL PALACIOS  GONZALEZ SUARES Y  MIGUEL PERALTA ;FiscalHighSchool;Costa;Presencial;Matutina;25;25;50;9;189;211;400
JOSEMARIAVELAZSJEXTENSIONN2CATAMAYO;Loja_Province;CATAMAYO;CATAMAYO;-3,990003605240;-79,359057729000;JOSE MARIA VELAZ SJ EXTENSION N2 CATAMAYO;NUEVE DE OCTUBRE 00 BOLIVAR Y EUGENIO ESPEJO ;LaicHighSchool;Sierra;Distancia;Matutina,Vespertina;7;5;12;5;42;39;81
RAMONSAMANIEGOPALACIOS;Loja_Province;PUYANGO;ELARENAL;-3,961694590280;-79,986836296300;RAMON SAMANIEGO PALACIOS;   VIA PRINCIPAL DE EL ARENAL;FiscalHighSchool;Costa;Presencial;Matutina;5;5;10;3;64;64;128
UNIDADEDUCATIVAFISCOMISIONALDOMINGOCELI;Loja_Province;PALTAS;CATACOCHA;-4,049385996540;-79,649941486600;UNIDAD EDUCATIVA FISCOMISIONAL DOMINGO CELI;DOMINGO CELI 7302 PALTAS E INDEPENDENCIA ;FiscomitionalHighSchool;Costa;Presencial;Matutina;34;8;42;3;479;373;852
TECNICOPUYANGO;Loja_Province;PUYANGO;ALAMOR;-4,016247769350;-80,023861815100;TECNICO PUYANGO;GABRIEL CAIZA  SUCRE ;FiscalHighSchool;Costa;Presencial;Matutina;12;19;31;6;169;189;358
U.E.ELOYALFARO;Loja_Province;CALVAS;SANVICENTE;-4,330880748470;-79,551767147900;U. E. ELOY ALFARO;   BARRIO SAN VICENTE;FiscalHighSchool;Costa;Presencial;Matutina,Nocturno;39;36;75;13;412;543;955
UNIDADEDUCATIVAPEDROVICENTEMALDONADO;Loja_Province;SARAGURO;ELPARAISODECELEN;-3,623412;-79,24087;UNIDAD EDUCATIVA PEDRO VICENTE MALDONADO;   CENTRO CELEN  VAUDILIO ARIAS Y VEINTE Y CUATRO  DE MAYO;FiscalHighSchool;Sierra;Presencial;Matutina;12;8;20;0;170;175;345
UNIDADEDUCATIUVANAMBACOLA;Loja_Province;GONZANAMA;NAMBACOLA;-4,133852;-79,423759;UNIDAD EDUCATIUVA NAMBACOLA;   A DOSCIENTOS METROS DEL PARQUE CENTRAL;FiscalHighSchool;Costa;Presencial;Matutina;6;15;21;6;121;138;259
UNIDADEDUCATIVACORAZONDEMARIA;Loja_Province;LOJA;ELCISNE;-3,850611385830;-79,425666649000;UNIDAD EDUCATIVA  CORAZON DE MARIA;   JUNTO AL CAMPO MARIANO;FiscomitionalHighSchool;Sierra;Presencial;Matutina;12;6;18;2;90;99;189
UNIDADEDUCATIVAFISCOMISIONALJULIOERNESTOCELI;Loja_Province;ESPINDOLA;JIMBURA;-4,626669280760;-79,461389795200;UNIDAD EDUCATIVA  FISCOMISIONAL JULIO ERNESTO CELI;   CALLE 24 DE ABRIL Y AVENIDA AMALUZA;FiscomitionalHighSchool;Costa;Presencial;Matutina;10;8;18;5;145;142;287
UNIDADEDUCATIVAMARIAAUXILIADORA;Loja_Province;CALVAS;CARIAMANGA;-4,327301190120;-79,557458893100;UNIDAD EDUCATIVA  MARIA AUXILIADORA;   BARRIO  CENTRAL;FiscomitionalHighSchool;Costa;Presencial;Matutina;26;8;34;3;501;153;654
UNIDADEDUCATIVABERNARDOVALDIVIESO;Loja_Province;LOJA;SANSEBASTIAN;-4,009221001990;-79,200691671000;UNIDAD EDUCATIVA BERNARDO VALDIVIESO;AV. EDUARDO KINGMAN 00 PABLO NERUDA Y CATAMAYO ;FiscalHighSchool;Sierra;Presencial;Matutina,Vespertina,Nocturno;91;75;166;31;1.257;2239;3496
UNIDADEDUCATIVABRASIL;Loja_Province;ZAPOTILLO;ZAPOTILLO;-4,382505;-80,238594;UNIDAD EDUCATIVA BRASIL;   BARRIO CEIBA CHICA;FiscalHighSchool;Costa;Presencial;Matutina;8;7;15;4;112;115;227
COLEGIODEBACHILLERATO29DEMAYO;Loja_Province;PALTAS;GUACHANAMA;-4,047777620680;-79,881945984700;COLEGIO DE BACHILLERATO 29 DE MAYO;   PARROQUIA GUACHANAMA BARRIO CENTRAL;FiscalHighSchool;Costa;Presencial;Matutina;6;3;9;4;14;44;58
UNIDADEDUCATIVACOMUNITARIAINTERCULTURALBILINGUERUMInAHUI;Loja_Province;LOJA;SANLUCAS;-3,712280517150;-79,266080840500;UNIDAD EDUCATIVA COMUNITARIA INTERCULTURAL BILINGUE RUMIÑAHUI;   BARRIO PICHIG;FiscalHighSchool;Sierra;Presencial;Matutina,Vespertina;11;6;17;1;101;102;203
UNIDADEDUCATIVACOTOPAXI;Loja_Province;ESPINDOLA;SANTATERESITA;-4,545530755660;-79,415361044600;UNIDAD EDUCATIVA COTOPAXI;   VIA AMALUZA CARIAMANGA BARRIO CANGOCHARA;FiscalHighSchool;Costa;Presencial;Matutina;6;10;16;0;88;89;177
UNIDADEDUCATIVADELMILENIO5DEJUNIO;Loja_Province;MACARA;MACARA(MANUELENRIQUERENGELSUQUILANDA);-4,385777848530;-79,952364146600;UNIDAD EDUCATIVA DEL MILENIO  5 DE JUNIO;AURIA MARIA ARIAS  MAXIMO ARTURO ROMAN Y ZOILA HERRERA ;FiscalHighSchool;Costa;Presencial;Matutina;18;4;22;2;188;208;396
UNIDADEDUCATIVADRMANUELAGUSTINCABRERALOZANO;Loja_Province;LOJA;SANSEBASTIAN;-4,029642462170;-79,214639849200;UNIDAD EDUCATIVA DR MANUEL AGUSTIN CABRERA LOZANO;CALLE PABLO PALACIOS  BARRIO SANTA TERESITA   SE UTILIZA LA INSTALACIONES DEL COLEGIO DE BACHILLERATO   VEINTE Y SIETE  DE ;FiscalHighSchool;Sierra;Presencial;Matutina,Vespertina;24;18;42;4;381;495;876
UNIDADEDUCATIVAEXPERIMENTALPARACIEGOSLUISBRAILLE;Loja_Province;LOJA;SANSEBASTIAN;-4,014753366160;-79,199968224700;UNIDAD EDUCATIVA EXPERIMENTAL PARA CIEGOS LUIS BRAILLE;BUGANVILLAS 2427 AVENIDA GOBERNACION DE MAINAS ;FiscalHighSchool;Sierra;Presencial;Nocturno;4;6;10;5;14;19;33
COLEGIODEBACHILLERATOTCNELLAUROGUERRERO;Loja_Province;PALTAS;LAUROGUERRERO;-3,967940277540;-79,758497113200;COLEGIO DE BACHILLERATO TCNEL LAURO GUERRERO;   BARRIO EL CASTILLO;FiscalHighSchool;Costa;Presencial;Matutina;4;6;10;5;49;66;115
ESCUELADEEDUCACIONBASICALATACUNGA;Loja_Province;SARAGURO;LLUZHAPA;-3,501028772650;-79,339305079100;ESCUELA DE EDUCACION BASICA LATACUNGA;   PARROQUIA  LLUZHAPA;FiscalHighSchool;Costa;Presencial;Matutina;9;5;14;0;86;116;202
COLEGIODEBACHILLERATOSEGUNDOCUEVACELI;Loja_Province;PALTAS;LOURDES;-4,081280080960;-79,583940438300;COLEGIO DE BACHILLERATO SEGUNDO CUEVA CELI;   BARRIO SAN VICENTE DEL RIO;FiscalHighSchool;Costa;Presencial;Matutina;2;4;6;3;22;27;49
UNIDADEDUCATIVAFISCOMISIONALLADOLOROSA;Loja_Province;LOJA;ELSAGRARIO;-3,995392628000;-79,199551334400;UNIDAD EDUCATIVA FISCOMISIONAL LA DOLOROSA;JOSE ANTONIO EGUIGUREN 11-92 OLMEDO ;ReligiousHighSchool;Sierra;Presencial;Matutina,Vespertina,Nocturno;42;65;107;12;178;1801;1979
UNIDADEDUCATIVAFISCOMISIONALLAINMACULADA;Loja_Province;LOJA;ELSAGRARIO;-3,998526380730;-79,201858551200;UNIDAD EDUCATIVA FISCOMISIONAL LA INMACULADA;BOLIVAR 09-35 ROCAFUERTE Y MIGUEL RIOFRIO ;FiscomitionalHighSchool;Sierra;Presencial;Matutina;58;15;73;15;1.332;92;1424
UNIDADEDUCATIVAFISCOMISIONALMARISTA;Loja_Province;MACARA;MACARA(MANUELENRIQUERENGELSUQUILANDA);-4,375554207100;-79,944169051300;UNIDAD EDUCATIVA FISCOMISIONAL MARISTA;AVENIDA PANAMERICANA 07-03 AVENIDA MARISTA ;FiscomitionalHighSchool;Costa;Presencial;Matutina;33;29;62;12;506;554;106
UNIDADEDUCATIVAFISCOMISIONALMONSALBERTOZAMBRANOPALACIOS;Loja_Province;OLMEDO;OLMEDO;-3,933530207380;-79,645970264600;UNIDAD EDUCATIVA FISCOMISIONAL MONS  ALBERTO ZAMBRANO PALACIOS;MONS JORGE GUILLERMO ARMIJOS SN SUCRE ;FiscomitionalHighSchool;Costa;Presencial;Matutina;20;18;38;3;312;326;638
UNIDADEDUCATIVAFISCOMISIONALPARAPCEIHNOANGELPASTRANACORRAL;Loja_Province;LOJA;VALLE;-3,987918158240;-79,201197341400;UNIDAD EDUCATIVA FISCOMISIONAL PARA PCEI HNO ANGEL PASTRANA CORRAL;JUAN DE SALINAS 03-61 JOSE FELIX DE VALDIVIESO Y QUITO ;FiscomitionalHighSchool;Sierra;Semipresencial;Matutina;34;11;45;3;366;370;736
UNIDADEDUCATIVAFISCOMISIONALMARISTADECATACOCHA;Loja_Province;PALTAS;LOURDES;-4,053198301070;-79,647305228700;UNIDAD EDUCATIVA FISCOMISIONAL MARISTA DE CATACOCHA;CALLE LOURDES 2 CALLE SUCRE ;FiscomitionalHighSchool;Costa;Presencial;Matutina;27;23;50;10;446;494;940
UNIDADEDUCATIVAPALTAS;Loja_Province;PALTAS;LOURDES;-4,057003828900;-79,646028960400;UNIDAD EDUCATIVA PALTAS;VENTURA   ENCALADA Y  VIA PANAMERICANA ;FiscalHighSchool;Costa;Presencial;Matutino,Nocturno;32;17;49;8;377;413;790
ESCUELADEEDUCACIONBASICAELVIABÉLGICAJIMÉNEZDEGONZÁLEZ;Loja_Province;LOJA;MALACATOS(VALLADOLID);-4,150027393010;-79,207754011600;ESCUELA DE EDUCACION BASICA ELVIA BÉLGICA JIMÉNEZ DE GONZÁLEZ;   BARRIO RUMIZHITANA;FiscalHighSchool;Sierra;Presencial;Matutina;13;5;18;3;122;140;262
UNIDADEDUCATIVAMANUELJOSÉRODRIGUEZ;Loja_Province;LOJA;MALACATOS(VALLADOLID);-4,216140308290;-79,269164699700;UNIDAD EDUCATIVA MANUEL JOSÉ  RODRIGUEZ;   BARRIO LA TRINIDAD;FiscomitionalHighSchool;Sierra;Presencial;Matutina;22;12;34;1;372;379;751
COLEGIODEBACHILLERATOMANÚ;Loja_Province;SARAGURO;MANU;-3,485142462800;-79,413913316800;COLEGIO DE BACHILLERATO MANÚ;   PACAIPAMBA VIA LOJA SN;FiscalHighSchool;Costa;Presencial;Matutina;5;8;13;5;119;110;229
COLEGIODEBACHILLERATOORIANGA;Loja_Province;PALTAS;ORIANGA;-3,897668216730;-79,871476291700;COLEGIO DE BACHILLERATO ORIANGA;   BARRIO PUEBLO NUEVO PARROQUIA ORIANGA  A 80M DEL SUBCENTRO DE SALUD;FiscalHighSchool;Costa;Presencial;Matutina;7;4;11;2;69;100;169
COLEGIODEBACHILLERATODRCARLOSMANUELESPINOZA;Loja_Province;PALTAS;SANANTONIO;-3,979668730180;-79,664528439500;COLEGIO DE BACHILLERATO  DR CARLOS MANUEL ESPINOZA;   CENTRO DE  LA PARROQUIA  DE SAN ANTONIO;FiscalHighSchool;Costa;Presencial;Matutina;6;2;8;2;43;46;89
UNIDADEDUCATIVACOMUNITARIAINTERCULTURALBILINGUEABC;Loja_Province;SARAGURO;SANPABLODETENTA;-3,599750648550;-79,289301887700;UNIDAD EDUCATIVA COMUNITARIA INTERCULTURAL BILINGUE ABC;   PARROQUIA TENTA BARRIO MEMBRILLO;FiscalHighSchool;Sierra;Presencial;Matutina;8;16;24;2;227;229;456
UNIDADEDUCATIVACOMUNITARIAINTERCULTURALBILINGUETUPAKYUPANKI;Loja_Province;SARAGURO;SARAGURO;-3,648056931070;-79,210086180100;UNIDAD EDUCATIVA COMUNITARIA INTERCULTURAL BILINGUE TUPAK YUPANKI;   COMUNIDAD  OÑACAPAC;FiscalHighSchool;Sierra;Presencial;Matutino,Nocturno;12;6;18;0;110;128;238
UECOMUNITARIAINTERCULTURALBILINGUEINKASAMANA;Loja_Province;SARAGURO;SARAGURO;-3,629859878640;-79,245079615300;UE COMUNITARIA INTERCULTURAL BILINGUE INKA SAMANA;   COMUNIDAD ILINCHO AYLLU LLAKTA;FiscalHighSchool;Sierra;Presencial;Matutina;9;5;14;2;43;54;97
COLEGIODEBACHILLERATOSARAGURO;Loja_Province;SARAGURO;SARAGURO;-3,620804350560;-79,238499807000;COLEGIO DE BACHILLERATO SARAGURO;10 DE MARZO  PANAMERICANA ;FiscalHighSchool;Sierra;Presencial;Matutina,Vespertina,Nocturno;26;28;54;9;475;444;919
COLEGIODEBACHILLERATOnUKANCHIKKAWSAYPARAPCEI;Loja_Province;SARAGURO;SARAGURO;-3,624361692040;-79,217306135700;COLEGIO DE BACHILLERATO ÑUKANCHIK KAWSAY PARA PCEI;   COMUNIDAD DE TUNCARTA A DIEZ MINUTOS DE LA VIA A CUENCA;FiscalHighSchool;Sierra;Distancia;Matutina;3;1;4;0;57;43;100
UNIDADEDUCATIVAFISCOMISIONALSANJUANBAUTISTA;Loja_Province;CATAMAYO;CATAMAYO;-3,998662941580;-79,352557042200;UNIDAD EDUCATIVA FISCOMISIONAL SAN JUAN BAUTISTA;ALFREDO BAQUERIZO  DIEGO DE NOBOA ;FiscomitionalHighSchool;Sierra;Presencial;Matutina;19;6;25;3;211;277;488
UNIDADEDUCATIVAFISCOMISIONALSANTAJUANADEARCOLASALLE;Loja_Province;CALVAS;CARIAMANGA;-4,325507797690;-79,556047811100;UNIDAD EDUCATIVA FISCOMISIONAL SANTA JUANA DE ARCO LA SALLE;VELASCO IBARRA 00 AV.LOJA ;FiscomitionalHighSchool;Costa;Presencial;Matutina;30;16;46;4;346;419;765
UNIDADEDUCATIVAFRANCISCODEORELLANA;Loja_Province;ZAPOTILLO;LIMONES;-4,388916163120;-80,359720631800;UNIDAD EDUCATIVA FRANCISCO DE ORELLANA;   PARROQUIA LIMONES;FiscalHighSchool;Costa;Presencial;Matutina;10;2;12;0;78;67;145
UNIDADEDUCATIVAGONZANAMA;Loja_Province;GONZANAMA;GONZANAMA;-4,231862606430;-79,437614069300;UNIDAD EDUCATIVA GONZANAMA;AVENIDA 30 DE SEPTIEMBRE  24 DE MAYO ;FiscalHighSchool;Costa;Presencial;Matutina,Nocturno;28;13;41;9;205;216;421
UNIDADEDUCATIVAGREGORIOMARAnON;Loja_Province;ZAPOTILLO;BOLASPAMBA;-4,185555417490;-80,369386458900;UNIDAD EDUCATIVA GREGORIO MARAÑON;   BARRIO BOLASPAMBA FRENTE AL DISPENSARIO DEL SSC;FiscalHighSchool;Costa;Presencial;Matutina;3;5;8;0;56;45;101
UNIDADEDUCATIVAJOSÉMARÍARIOFRÍO;Loja_Province;ESPINDOLA;BELLAVISTA;-4,565081488340;-79,456421140300;UNIDAD EDUCATIVA JOSÉ MARÍA RIOFRÍO;   BARRIO REINA DEL CISNE CALLE SAN FRANCISCO VÍA A LLAMACHANCHI;FiscalHighSchool;Costa;Presencial;Matutina;8;5;13;1;68;96;164
UNIDADEDUCATIVALADOLOROSA;Loja_Province;CHAGUARPAMBA;CHAGUARPAMBA;-3,878163258490;-79,642024904100;UNIDAD EDUCATIVA LA DOLOROSA;   VIA YAGUACHI BARRIO ROJAS A OCHO CUADRAS DE LA IGLESIA MATRIZ;FiscomitionalHighSchool;Costa;Presencial;Matutina;20;9;29;0;213;165;378
UNIDADEDUCATIVALAPORCIUNCULA;Loja_Province;LOJA;ELSAGRARIO;-3,995806560150;-79,202746877800;UNIDAD EDUCATIVA LA PORCIUNCULA;CALLE BOLIVAR 0639 COLON Y JOSE ANTONIO EGUIGUREN ;ReligiousHighSchool;Sierra;Presencial;Matutina;42;5;47;12;829;159;988
UNIDADEDUCATIVAMANUELIGNACIOMONTEROVALDIVIESO;Loja_Province;LOJA;SUCRE;-3,999082173290;-79,224475810700;UNIDAD EDUCATIVA MANUEL IGNACIO MONTERO VALDIVIESO;   AVENIDA  VILLONACO OBRA PIA;FiscalHighSchool;Sierra;Presencial;Matutina,Vespertina,Nocturno;18;8;26;3;184;226;410
UNIDADEDUCATIVAFISCOMISIONALSANJOSEDECALASANZ;Loja_Province;SARAGURO;SARAGURO;-3,614134919060;-79,235947607900;UNIDAD EDUCATIVA FISCOMISIONAL SAN JOSE DE CALASANZ;   BARRIO APUGUIN;FiscomitionalHighSchool;Sierra;Presencial;Matutina;33;39;72;13;585;548;1133
UNIDADEDUCATIVAMONSLUISALFONSOCRESPO;Loja_Province;ESPINDOLA;AMALUZA;-4,581693117110;-79,422725595900;UNIDAD EDUCATIVA MONS LUIS ALFONSO CRESPO;AVENIDA ZUMBA SN VIA  A CONSAPAMBA ;FiscomitionalHighSchool;Costa;Presencial;Matutina;25;23;48;4;331;342;673
UNIDADEDUCATIVAMONSEnORSANTIAGOFERNANDEZGARCÍA;Loja_Province;CALVAS;COLAISACA;-4,264975398390;-79,712863939100;UNIDAD EDUCATIVA MONSEÑOR SANTIAGO FERNANDEZ GARCÍA;   BARRIO CENTRAL VELAZCO IBARRA Y 18 DE NOVIEMBRE;FiscomitionalHighSchool;Costa;Presencial;Matutina,Nocturno;68;55;123;15;968;1117;2085
UNIDADEDUCATIVAMUSHUKRIMAK;Loja_Province;LOJA;SANLUCAS;-3,738634821110;-79,263337741700;UNIDAD EDUCATIVA MUSHUK RIMAK;   CABECERA PARROQUIAL;FiscalHighSchool;Sierra;Presencial;Matutina;11;14;25;2;209;157;366
UNIDADEDUCATIVAFISCOMISIONALFRAYCRISTÓBALZAMBRANO;Loja_Province;SARAGURO;SARAGURO;-3,626087506970;-79,239641638800;UNIDAD EDUCATIVA FISCOMISIONAL FRAY CRISTÓBAL ZAMBRANO;LOJA  CRISTOBAL ZAMBRANO ;FiscomitionalHighSchool;Sierra;Presencial;Matutina;13;10;23;1;171;189;360
COLEGIODEBACHILLERATOVICENTEBASTIDASREINOSO;Loja_Province;SARAGURO;SELVAALEGRE;-3,555560042600;-79,354913628100;COLEGIO DE BACHILLERATO VICENTE BASTIDAS REINOSO;   BARRIO VALLE HERMOSO;FiscalHighSchool;Costa;Presencial;Matutina;5;7;12;3;96;98;194
ESCUELADEEDUCACIÓNBÁSICAORILLASDELJUBONES;Loja_Province;SARAGURO;SUMAYPAMBA;-3,357721821420;-79,350224417900;ESCUELA DE EDUCACIÓN BÁSICA ORILLAS DEL JUBONES;   BARRIO SUMAYPAMBA;FiscalHighSchool;Costa;Presencial;Matutina,Vespertina;9;4;13;0;91;89;180
COLEGIOPROFESORVIRGILIOABARCAMONTESINOS;Loja_Province;SARAGURO;URDANETA(PAQUISHAPA);-3,606226242500;-79,210141490500;COLEGIO PROFESOR VIRGILIO ABARCA MONTESINOS;   PARROQUIA URDANETA;FiscalHighSchool;Sierra;Presencial;Matutina;9;13;22;3;167;207;374
ESCUELADEEDUCACIONBASICAMARIETADEVEINTIMILLA;Loja_Province;LOJA;VALLE;-3,944304254910;-79,225331215600;ESCUELA DE EDUCACION BASICA MARIETA DE VEINTIMILLA;AV  CHUQUIRIBAMBA 00 AV  INTEGRACION BARRIAL Y  LAGUNA DE YAMBO ;FiscalHighSchool;Sierra;Presencial;Matutina,Vespertina;33;19;52;4;495;615;111
I.E.ESPECIALDELOJANO.2;Loja_Province;LOJA;VALLE;-3,971886224190;-79,197198433800;I.E. ESPECIAL DE LOJA NO. 2;AGUSTIN PALACIOS 1 TRAS DEL ASILO DE ANCIANO DANIEL ALVAREZ SANCHEZ ;FiscomitionalHighSchool;Sierra;Presencial;Matutina;11;3;14;1;17;40;57
SERVICIOECUATORIANODECAPACITACIÓNPROFESIONALSECAP;Loja_Province;LOJA;VALLE;-3,995405;-79,195399;SERVICIO ECUATORIANO DE CAPACITACIÓN PROFESIONAL SECAP;GRANADA LOJA AV ISIDRO AYORA ;FiscalHighSchool;Sierra;Presencial;Matutina;1;1;2;16;;13;13
UNIDADEDUCFISCOMISIONALPARAPCEIJOSEMARIAVELAZEXT1LOJA;Loja_Province;LOJA;VALLE;-3,981941278420;-79,201273357900;UNIDAD EDUC FISCOMISIONAL PARA PCEI JOSE MARIA VELAZ EXT 1 LOJA;ESMERALDAS  GUAYAQUIL Y MANTA ;FiscomitionalHighSchool;Sierra;Semipresencial;Vespertina;6;3;9;2;92;92;184
UNIDADEDUCATIVACOMILN5LAUROGUERRERO;Loja_Province;LOJA;VALLE;-3,948808534320;-79,217416436100;UNIDAD EDUCATIVA COMIL N 5 LAURO GUERRERO;SALVADOR BUSTAMANTE CELI  ninguna ;FiscalHighSchool;Sierra;Presencial;Matutina;43;19;62;20;473;866;1339
UNIDADEDUCATIVAFERNANDOSUAREZPALACIO;Loja_Province;LOJA;VALLE;-3,951781032850;-79,241612126800;UNIDAD EDUCATIVA FERNANDO SUAREZ PALACIO;AVENIDA PABLO PALACIO 1 SIN NOMBRE ;FiscalHighSchool;Sierra;Presencial;Matutina;16;5;21;2;185;172;357
UNIDADEDUCATIVAFISCOMISIONALPARAPCIHERMANOANGELPASTRANA;Loja_Province;LOJA;VALLE;-3,987918158240;-79,201197341400;UNIDAD EDUCATIVA FISCOMISIONAL  PARA PCI HERMANO ANGEL PASTRANA;BERNARDO VALDIVIESO 0361 QUITO Y JOSE FELIX DE VALDIVIESO ;FiscomitionalHighSchool;Costa;Distancia;Matutina;44;21;65;1;514;584;1098
UNIDADEDUCATIVAFISCOMISIONALCALASANZ;Loja_Province;LOJA;VALLE;-3,976996903350;-79,202112444000;UNIDAD EDUCATIVA FISCOMISIONAL CALASANZ;AVENIDA ORILLAS DEL ZAMORA  ISIDRO AYORA ;FiscomitionalHighSchool;Sierra;Presencial;Matutina,Nocturno;59;29;88;24;1.079;121;2289
COLEGIODEBACHILLERATOFRANCISCOVALDIVIESOALVARADO;Loja_Province;PALTAS;YAMANA;-4,003836170510;-79,698613913400;COLEGIO DE BACHILLERATO FRANCISCO VALDIVIESO ALVARADO;   AV 20  DE JULIO;FiscalHighSchool;Costa;Presencial;Matutina;4;4;8;3;34;39;73
UNIDADEDUCATIVAPARTICULARATENEO;Loja_Province;LOJA;ELSAGRARIO;-3,998861008450;-79,201884834100;UNIDAD EDUCATIVA PARTICULAR ATENEO;CALLE SUCRE 05-43 COLÓN E IMBABAURA ;LaicHighSchool;Sierra;Presencial;Matutina;23;2;25;6;134;173;307
UNIDADEDUCATIVAPARTICULARJOSEANTONIOEGUIGURENLASALLE;Loja_Province;LOJA;ELSAGRARIO;-3,998277339160;-79,195529219700;UNIDAD EDUCATIVA PARTICULAR JOSE ANTONIO EGUIGUREN  LA SALLE;AVENIDA ORILLAS DEL ZAMORA 3 ROCAFUERTE ;ReligiousHighSchool;Sierra;Presencial;Matutina;28;17;45;19;314;610;924
UNIDADEDUCATIVAPARTICULARJUANMONTALVO;Loja_Province;LOJA;SANSEBASTIAN;-4,003302760020;-79,194554778800;UNIDAD EDUCATIVA PARTICULAR JUAN MONTALVO;AV. EMILIANO ORTEGA 1375 LOURDES ;LaicHighSchool;Sierra;Presencial;Matutina;14;4;18;8;75;92;167
UNIDADEDUCATIVASANFRANCISCODEASIS;Loja_Province;LOJA;ELSAGRARIO;-3,994529150910;-79,201642158600;UNIDAD EDUCATIVA SAN FRANCISCO DE ASIS;IMBABURA 13-46 BOLIVAR  Y BERNARDO VALDIVIESO ;FiscomitionalHighSchool;Sierra;Presencial;Matutina;44;18;62;8;612;795;1407
UNIDADEDUCATIVASANVICENTEDEPAÚL;Loja_Province;GONZANAMA;CHANGAIMINA(LALIBERTAD);-4,222472808760;-79,523892410200;UNIDAD EDUCATIVA SAN VICENTE DE PAÚL;   A UNA CUADRA DEL SANTUARIO REINA DE LA CARIDAD;FiscomitionalHighSchool;Costa;Presencial;Matutina;14;12;26;6;218;216;434
UNIDADEDUCATIVASANGUILLIN;Loja_Province;CALVAS;SANGUILLIN;-4,449720315060;-79,503384413400;UNIDAD EDUCATIVA SANGUILLIN;   CENTRO PARROQUIAL SANGUILLIN FRENTE AL PARQUE CENTRAL;FiscalHighSchool;Costa;Presencial;Matutina;8;8;16;4;112;100;212
UNIDADEDUCATIVASANTAMARIANADEJESUS;Loja_Province;LOJA;ELSAGRARIO;-3,998115770290;-79,200175679800;UNIDAD EDUCATIVA SANTA MARIANA DE JESUS;OLMEDO 0960 ROCAFUERTE Y MIGUEL RIOFRIO ;ReligiousHighSchool;Sierra;Presencial;Matutina;43;13;56;22;1.199;88;1287
UNIDADEDUCATIVASANTAMARIANADEJESUS;Loja_Province;MACARA;MACARA(MANUELENRIQUERENGELSUQUILANDA);-4,354343123070;-79,970285834200;UNIDAD EDUCATIVA SANTA MARIANA DE JESUS;JUVENAL JARAMILLO 69-15 ALAMOR ;FiscomitionalHighSchool;Costa;Presencial;Matutina;28;9;37;3;493;354;847
UNIDADEDUCATIVASANTATERESITA;Loja_Province;CELICA;CELICA;-4,103198552690;-79,956357319100;UNIDAD EDUCATIVA SANTA TERESITA;GARCIA MORENO  PRESBITERO RIOFRIO ;FiscomitionalHighSchool;Costa;Presencial;Matutina;36;11;47;4;354;384;738
UNIDADEDUCATIVATIOPAMBA;Loja_Province;ESPINDOLA;AMALUZA;-4,539268285610;-79,425692805000;UNIDAD EDUCATIVA TIOPAMBA;   VIA AMALUZA A CARIAMANGA KM 8 BARRIO  TIOPAMBA;FiscalHighSchool;Costa;Presencial;Matutina;9;7;16;3;79;63;142
